id,name,lon,lat,type
1,1 AV-L,-73.98168087489128,40.73097497580066,NYCT
2,103 ST-1,-73.968379,40.799446,NYCT
3,103 ST-6,-73.947478,40.7906,NYCT
4,103 ST-BC,-73.96137008,40.79606074,NYCT
5,103 ST-CORONA-7,-73.8627,40.749865,NYCT
6,104 ST-A,-73.837683,40.681711,NYCT
7,104 ST-JZ,-73.844435,40.695166,NYCT
8,110 ST-6,-73.94425,40.79502,NYCT
9,111 ST-7,-73.855334,40.75173,NYCT
10,111 ST-A,-73.832163,40.684331,NYCT
11,111 ST-J,-73.83679338,40.69711481,NYCT
12,116 ST-23,-73.949625,40.802098,NYCT
13,116 ST-6,-73.941617,40.798629,NYCT
14,116 ST-BC,-73.95479778,40.80505813,NYCT
15,116 ST-COLUMBIA-1,-73.96411,40.807722,NYCT
16,121 ST-JZ,-73.828349,40.700482,NYCT
17,125 ST-1,-73.958372,40.815581,NYCT
18,125 ST-23,-73.945495,40.807754,NYCT
19,125 ST-456,-73.937594,40.804138,NYCT
20,125 ST-ACBD,-73.952248,40.81107167,NYCT
21,135 ST-23,-73.94077,40.814229,NYCT
22,135 ST-BC,-73.94753481,40.81790556,NYCT
23,137 ST CITY COL-1,-73.953676,40.822008,NYCT
24,138/GRAND CONC-45,-73.929849,40.813224,NYCT
25,14 ST-123FLM,-74.000201,40.737826,NYCT
26,14 ST-ACEL,-74.00169,40.740893,NYCT
27,14 ST-FLM123,-73.996209,40.738228,NYCT
28,14 ST-UNION SQ-456LNQRW,-73.989951,40.734673,NYCT
29,14 ST-UNION SQ-LNQR456W,-73.99066977,40.73476331,NYCT
30,145 ST-1,-73.95036,40.826551,NYCT
31,145 ST-3,-73.936245,40.820421,NYCT
32,145 ST-ABCD,-73.94408793,40.82476636,NYCT
33,149/GRAND CONC-245,-73.92738475,40.81830344,NYCT
34,14TH STREET-1,-74.000201,40.737826,PATH
35,15 ST-PROSPECT-FG,-73.97973581,40.66003569,NYCT
36,155 ST-BD,-73.938209,40.830135,NYCT
37,155 ST-C,-73.941514,40.830518,NYCT
38,157 ST-1,-73.94489,40.834041,NYCT
39,161/YANKEE STAD-4BD,-73.925692,40.82823033,NYCT
40,161/YANKEE STAD-BD4,-73.925651,40.827905,NYCT
41,163 ST-AMSTERDM-C,-73.939892,40.836013,NYCT
42,167 ST-4,-73.9214,40.835537,NYCT
43,167 ST-BD,-73.918432,40.833769,NYCT
44,168 ST-1AC,-73.940133,40.840556,NYCT
45,168 ST-AC1,-73.939561,40.840719,NYCT
46,169 ST-F,-73.7934742,40.7105175,NYCT
47,170 ST-4,-73.917791,40.840075,NYCT
48,170 ST-BD,-73.9134,40.839306,NYCT
49,174 ST-25,-73.8876936,40.83719555,NYCT
50,174-175 STS-BD,-73.910136,40.8459,NYCT
51,175 ST-A,-73.939704,40.847391,NYCT
52,176 ST-4,-73.911794,40.84848,NYCT
53,18 AV-D,-74.00159259,40.60773573,NYCT
54,18 AV-F,-73.976971,40.62975467,NYCT
55,18 AV-N,-73.990454,40.620687,NYCT
56,18 ST-1,-73.997871,40.74104,NYCT
57,181 ST-1,-73.933596,40.849505,NYCT
58,181 ST-A,-73.937969,40.851695,NYCT
59,182-183 STS-BD,-73.900741,40.856093,NYCT
60,183 ST-4,-73.903879,40.858407,NYCT
61,190 ST-A,-73.93418,40.859022,NYCT
62,191 ST-1,-73.929412,40.855225,NYCT
63,2 AV-F,-73.989938,40.72340167,NYCT
64,20 AV-D,-73.99817432,40.604677,NYCT
65,20 AV-N,-73.984522,40.617109,NYCT
66,207 ST-1,-73.918819,40.864614,NYCT
67,21 ST-G,-73.9496,40.74412867,NYCT
68,21 ST-QNSBRIDGE-F,-73.94193761,40.75373927,NYCT
69,215 ST-1,-73.915279,40.869444,NYCT
70,219 ST-25,-73.86250971,40.88388797,NYCT
71,225 ST-25,-73.86021462,40.88802826,NYCT
72,23 ST-1,-73.995657,40.744081,NYCT
73,23 ST-6,-73.986599,40.739864,NYCT
74,23 ST-CE,-73.998041,40.745906,NYCT
75,23 ST-FM,-73.992765,40.74295432,NYCT
76,23 ST-NRW,-73.989344,40.74130267,NYCT
77,231 ST-1,-73.904834,40.878856,NYCT
78,233 ST-25,-73.8573624,40.89314324,NYCT
79,238 ST-1,-73.90087,40.884667,NYCT
80,25 AV-D,-73.986829,40.59770367,NYCT
81,25 ST-R,-73.998091,40.66039667,NYCT
82,28 ST-1,-73.993365,40.747215,NYCT
83,28 ST-6,-73.984264,40.74307,NYCT
84,28 ST-NRW,-73.988698,40.745454,NYCT
85,3 AV 138 ST-6,-73.926138,40.810476,NYCT
86,3 AV-149 ST-25,-73.91779153,40.81602925,NYCT
87,3 AV-L,-73.98575,40.732691,NYCT
88,30 AV-NQW,-73.921479,40.76677867,NYCT
89,33 ST-6,-73.982076,40.746081,NYCT
90,33 ST-RAWSON ST-7,-73.930997,40.744587,NYCT
91,34 ST-HERALD SQ-BDFMNQRW,-73.98777189,40.7497894,NYCT
92,34 ST-HUDSON YD-7,-74.00219709,40.75544636,NYCT
93,34 ST-PENN STA-123,-73.991057,40.750373,NYCT
94,34 ST-PENN STA-123ACE,-73.992224,40.75133,NYCT
95,34 ST-PENN STA-ACE,-73.993391,40.752287,NYCT
96,36 AV-NQW,-73.929862,40.756442,NYCT
97,36 ST-DNR,-74.003549,40.65514367,NYCT
98,36 ST-MR,-73.92901818,40.75196004,NYCT
99,39 AV-NQW,-73.93285138,40.75276306,NYCT
100,4 AV-9 ST-DFGMNR,-73.989779,40.67027167,NYCT
101,40 ST LOWERY ST-7,-73.924016,40.743781,NYCT
102,42 ST-BRYANT PK-BDFM7,-73.984591,40.754184,NYCT
103,42 ST-PORT AUTH-ACENGRS1237W,-73.989735,40.757308,NYCT
104,42 ST-PORT AUTH-ACENQRS1237W,-73.989735,40.757308,NYCT
105,45 ST-R,-74.010006,40.64893867,NYCT
106,46 ST BLISS ST-7,-73.918435,40.743132,NYCT
107,46 ST-MR,-73.91352175,40.75631695,NYCT
108,47-50 STS ROCK-BDFM,-73.981331,40.758641,NYCT
109,49 ST-NQRW,-73.98420957,40.75980197,NYCT
110,4AV-9 ST-DFGMNR,-73.988302,40.67084667,NYCT
111,5 AV/53 ST-EM,-73.97524851,40.76008683,NYCT
112,5 AV/59 ST-NQRW,-73.973347,40.764811,NYCT
113,5 AVE-7BDFM,-73.981963,40.753821,NYCT
114,50 ST-1,-73.983849,40.761728,NYCT
115,50 ST-CE,-73.985984,40.762456,NYCT
116,50 ST-D,-73.99465878,40.63626089,NYCT
117,51 ST-6,-73.97192,40.757107,NYCT
118,52 ST-7,-73.912549,40.744149,NYCT
119,53 ST-R,-74.014034,40.64506867,NYCT
120,55 ST-D,-73.99534883,40.63147876,NYCT
121,57 ST-7 AV-NQRW,-73.98072973,40.76456553,NYCT
122,57 ST-F,-73.977368,40.764085,NYCT
123,59 ST COLUMBUS-1ABCD,-73.981929,40.768247,NYCT
124,59 ST COLUMBUS-ABCD1,-73.98164872,40.76824953,NYCT
125,59 ST-456NQRW,-73.967967,40.762526,NYCT
126,59 ST-NQR456W,-73.96737502,40.76270886,NYCT
127,59 ST-NRW,-74.017881,40.64136167,NYCT
128,6 AV-FLM123,-73.99775079,40.73774147,NYCT
129,61 ST WOODSIDE-7,-73.902984,40.74563,NYCT
130,63 DR-REGO PARK-MR,-73.8616182,40.72976397,NYCT
131,65 ST-MR,-73.89878838,40.74971953,NYCT
132,66 ST-LINCOLN-1,-73.982209,40.77344,NYCT
133,67 AV-MR,-73.85286048,40.72650548,NYCT
134,68ST-HUNTER CO-6,-73.96387,40.768141,NYCT
135,69 ST-7,-73.896403,40.746325,NYCT
136,7 AV-BDE,-73.98169782,40.76297015,NYCT
137,7 AV-BQ,-73.97285279,40.67710218,NYCT
138,7 AV-FG,-73.98025118,40.66624469,NYCT
139,71 ST-D,-73.99884095,40.61925871,NYCT
140,72 ST-123,-73.98197,40.778453,NYCT
141,72 ST-2 AVE-Q,-73.95836179,40.76880251,NYCT
142,72 ST-BC,-73.97633658,40.7755194,NYCT
143,74 ST-BROADWAY-7EFMR,-73.89120513,40.74686757,NYCT
144,75 AV-EF,-73.83692369,40.71804465,NYCT
145,75 ST-ELDERTS-JZ,-73.867288,40.69129,NYCT
146,77 ST-6,-73.959874,40.77362,NYCT
147,77 ST-R,-74.02551,40.62974167,NYCT
148,79 ST-1,-73.979917,40.783934,NYCT
149,79 ST-D,-74.00058287,40.61315893,NYCT
150,8 AV-ACEL,-74.002578,40.73977667,NYCT
151,8 AV-N,-74.011516,40.634971,NYCT
152,8 ST-NYU-NRW,-73.992508,40.730465,NYCT
153,80 ST-A,-73.858992,40.679371,NYCT
154,81 ST-MUSEUM-BC,-73.97209795,40.78134608,NYCT
155,82 ST-JACKSON H-7,-73.883697,40.747659,NYCT
156,85 ST-FOREST PK-J,-73.860087,40.692427,NYCT
157,86 ST-1,-73.976218,40.788644,NYCT
158,86 ST-2 AVE-Q,-73.95177091,40.77786104,NYCT
159,86 ST-456,-73.955589,40.779492,NYCT
160,86 ST-BC,-73.96882849,40.78582305,NYCT
161,86 ST-N,-73.978189,40.592465,NYCT
162,86 ST-R,-74.028398,40.62268667,NYCT
163,88 ST-A,-73.85147,40.679843,NYCT
164,9 AV-D,-73.99444874,40.64648408,NYCT
165,90 ST-ELMHURST-7,-73.876613,40.748408,NYCT
166,96 ST-123,-73.972323,40.793919,NYCT
167,96 ST-2 AVE-Q,-73.94706602,40.78423665,NYCT
168,96 ST-6,-73.95107,40.785672,NYCT
169,96 ST-BC,-73.96460246,40.7916188,NYCT
170,9TH STREET-1,-73.998944,40.73421,PATH
171,ALABAMA AV-J,-73.898526,40.676998,NYCT
172,ALLERTON AV-25,-73.86723423,40.86548338,NYCT
173,AQUEDUCT N.COND-A,-73.834058,40.668234,NYCT
174,AQUEDUCT RACETR-A,-73.835919,40.672097,NYCT
175,ASTOR PL-6,-73.99107,40.730054,NYCT
176,ASTORIA BLVD-NQW,-73.918095,40.770037,NYCT
177,ASTORIA DITMARS-NQW,-73.912034,40.77503567,NYCT
178,ATL AV-BARCLAY-2345BDNQR,-73.97754994,40.68442017,NYCT
179,ATL AV-BARCLAY-BDNQR2345,-73.97678344,40.68448832,NYCT
180,ATLANTIC AV-L,-73.903097,40.67534467,NYCT
181,AVENUE H-BQ,-73.96151794,40.62920838,NYCT
182,AVENUE I-F,-73.97606933,40.62501744,NYCT
183,AVENUE J-BQ,-73.96069316,40.62502282,NYCT
184,AVENUE M-BQ,-73.95924311,40.61739774,NYCT
185,AVENUE N-F,-73.97404851,40.61435671,NYCT
186,AVENUE P-F,-73.97300282,40.60884281,NYCT
187,AVENUE U-BQ,-73.95581122,40.59930895,NYCT
188,AVENUE U-F,-73.97337642,40.59592483,NYCT
189,AVENUE U-N,-73.979084,40.597236,NYCT
190,AVENUE X-F,-73.974266,40.58944967,NYCT
191,B'WAY-LAFAYETTE-BDFQ6,-73.996204,40.725297,NYCT
192,BAY 50 ST-D,-73.983765,40.58884067,NYCT
193,BAY PKWY-D,-73.9936762,40.60195046,NYCT
194,BAY PKWY-F,-73.97525698,40.62073162,NYCT
195,BAY PKWY-N,-73.98178001,40.61145579,NYCT
196,BAY RIDGE AV-R,-74.023377,40.63496667,NYCT
197,BAY RIDGE-95 ST-R,-74.030876,40.61662167,NYCT
198,BAYCHESTER AV-5,-73.838591,40.878663,NYCT
199,BEACH 105 ST-AS,-73.82758075,40.58326844,NYCT
200,BEACH 25 ST-A,-73.761353,40.600066,NYCT
201,BEACH 36 ST-A,-73.768175,40.595398,NYCT
202,BEACH 44 ST-A,-73.776013,40.592943,NYCT
203,BEACH 60 ST-A,-73.788522,40.592374,NYCT
204,BEACH 67 ST-A,-73.796924,40.590927,NYCT
205,BEACH 90 ST-AS,-73.8136514,40.58809156,NYCT
206,BEACH 98 ST-AS,-73.82052059,40.58538569,NYCT
207,BEDFORD AV-L,-73.956665,40.717174,NYCT
208,BEDFORD PK BLVD-4,-73.890064,40.873412,NYCT
209,BEDFORD PK BLVD-BD,-73.887138,40.873244,NYCT
210,BEDFORD-NOSTRAN-G,-73.953522,40.689627,NYCT
211,BERGEN ST-23,-73.97499915,40.68086214,NYCT
212,BERGEN ST-FG,-73.9907565,40.68611055,NYCT
213,BEVERLEY ROAD-BQ,-73.9643578,40.6439046,NYCT
214,BEVERLY RD-25,-73.94884798,40.64512352,NYCT
215,BLEECKER ST-6DF,-73.994659,40.72591467,NYCT
216,BOROUGH HALL-2345R,-73.989998,40.693219,NYCT
217,BOROUGH HALL-R2345,-73.990151,40.692404,NYCT
218,BOTANIC GARDEN-S2345,-73.959245,40.67034267,NYCT
219,BOWERY-JZ,-73.99380691,40.72024688,NYCT
220,BOWLING GREEN-45,-74.014008,40.704914,NYCT
221,BRIARWOOD-EF,-73.82069264,40.70916182,NYCT
222,BRIGHTON BEACH-BQ,-73.96135379,40.5777102,NYCT
223,BROAD CHANNEL-AS,-73.81583269,40.60840218,NYCT
224,BROAD ST-JZ,-74.011056,40.706476,NYCT
225,BROADWAY JCT-ACJLZ,-73.905316,40.67833367,NYCT
226,BROADWAY-G,-73.95031226,40.70612658,NYCT
227,BROADWAY-NQW,-73.925823,40.761432,NYCT
228,BRONX PARK EAST-25,-73.86835609,40.84876867,NYCT
229,BROOK AV-6,-73.91924,40.807566,NYCT
230,BROOKLYN BRIDGE-456JZ,-74.004131,40.713065,NYCT
231,BUHRE AV-6,-73.832569,40.84681,NYCT
232,BURKE AV-25,-73.86705362,40.8712588,NYCT
233,BURNSIDE AV-4,-73.907684,40.853453,NYCT
234,BUSHWICK AV-L,-73.90526176,40.68286063,NYCT
235,CANAL ST-1,-74.006277,40.722854,NYCT
236,CANAL ST-ACE,-74.005229,40.720824,NYCT
237,CANAL ST-JNQRZ6W,-73.99982639,40.71817388,NYCT
238,CANARSIE-ROCKAW-L,-73.90185,40.64665367,NYCT
239,CARROLL ST-FG,-73.99494698,40.68027335,NYCT
240,CASTLE HILL AV-6,-73.851222,40.834255,NYCT
241,CATHEDRAL PKWY-1,-73.966847,40.803967,NYCT
242,CATHEDRAL PKWY-BC,-73.95806671,40.80058156,NYCT
243,CENTRAL AV-M,-73.927243,40.697873,NYCT
244,CENTRAL PK N110-23,-73.951822,40.799075,NYCT
245,CHAMBERS ST-123,-74.009266,40.715478,NYCT
246,CHAMBERS ST-ACE23,-74.00858474,40.714111,NYCT
247,CHAMBERS ST-JZ456,-74.00340673,40.71323379,NYCT
248,CHAUNCEY ST-JZ,-73.91038357,40.6828513,NYCT
249,CHRISTOPHER ST-1,-74.002906,40.733422,NYCT
250,CHURCH AV-25,-73.94945514,40.65086069,NYCT
251,CHURCH AV-BQ,-73.96288246,40.65049325,NYCT
252,CHURCH AV-FG,-73.97972116,40.644272,NYCT
253,CITY / BUS-1,-74.0290254,40.7356089,PATH
254,CITY HALL-NRW,-74.00698582,40.71327233,NYCT
255,CLARK ST-23,-73.993086,40.697466,NYCT
256,CLASSON AV-G,-73.95999,40.688889,NYCT
257,CLEVELAND ST-J,-73.885194,40.679778,NYCT
258,CLINTON-WASH AV-C,-73.965838,40.683263,NYCT
259,CLINTON-WASH AV-G,-73.966796,40.688094,NYCT
260,CONEY IS-STILLW-DFNQ,-73.981236,40.577281,NYCT
261,CORTELYOU RD-BQ,-73.96379006,40.64094017,NYCT
262,CORTLANDT ST-RNW,-74.01113196,40.71051298,NYCT
263,COURT SQ-23 ST-EMG,-73.9460547,40.74776812,NYCT
264,COURT SQ-7,-73.945264,40.747023,NYCT
265,COURT SQ-EMG,-73.9438156,40.74630503,NYCT
266,CRESCENT ST-JZ,-73.87392925,40.68315266,NYCT
267,CROWN HTS-UTICA-34,-73.93293256,40.66897831,NYCT
268,CYPRESS AV-6,-73.914042,40.805368,NYCT
269,CYPRESS HILLS-J,-73.873322,40.689616,NYCT
270,DEKALB AV-BDNQR,-73.98177094,40.69064812,NYCT
271,DEKALB AV-L,-73.918232,40.703693,NYCT
272,DELANCEY/ESSEX-FJMZ,-73.9874094,40.71830606,NYCT
273,DITMAS AV-F,-73.978172,40.63611867,NYCT
274,DYCKMAN ST-1,-73.925536,40.860531,NYCT
275,DYCKMAN ST-A,-73.927271,40.865491,NYCT
276,E 143/ST MARY'S-6,-73.907657,40.808719,NYCT
277,E 149 ST-6,-73.907657,40.808719,NYCT
278,E 180 ST-25,-73.904098,40.812118,NYCT
279,EAST 105 ST-L,-73.89954769,40.65046879,NYCT
280,EAST BROADWAY-F,-73.990177,40.713855,NYCT
281,EASTCHSTER/DYRE-5,-73.830834,40.8883,NYCT
282,EASTN PKWY-MUSM-23,-73.96422204,40.67203224,NYCT
283,ELDER AV-6,-73.879159,40.828584,NYCT
284,ELMHURST AV-MR,-73.88203475,40.74237008,NYCT
285,EUCLID AV-AC,-73.872106,40.675377,NYCT
286,EXCHANGE PLACE-1,-74.0356109,40.7164295,PATH
287,FAR ROCKAWAY-A,-73.755405,40.603995,NYCT
288,FLATBUSH AV-B.C-25,-73.94754121,40.63284241,NYCT
289,FLUSHING AV-G,-73.950234,40.70037667,NYCT
290,FLUSHING AV-JM,-73.94137735,40.7004044,NYCT
291,FLUSHING-MAIN-7,-73.83003,40.7596,NYCT
292,FORDHAM RD-4,-73.901034,40.862803,NYCT
293,FORDHAM RD-BD,-73.897749,40.861296,NYCT
294,FOREST AVE-M,-73.903075,40.704412,NYCT
295,FOREST HILLS 71-EFMR,-73.84451672,40.72159431,NYCT
296,FRANKLIN AV-2345S,-73.95809974,40.67076515,NYCT
297,FRANKLIN AV-ACS,-73.955827,40.68059567,NYCT
298,FRANKLIN ST-1,-74.006886,40.719318,NYCT
299,FREEMAN ST-25,-73.89175225,40.82998745,NYCT
300,FRESH POND RD-M,-73.895898,40.706226,NYCT
301,FT HAMILTON PKY-D,-73.99420224,40.64091271,NYCT
302,FT HAMILTON PKY-FG,-73.975776,40.65078167,NYCT
303,FT HAMILTON PKY-N,-74.005351,40.63138567,NYCT
304,FULTON ST-2345ACJZ,-74.006571,40.709416,NYCT
305,FULTON ST-ACJZ2345,-74.00762309,40.71016217,NYCT
306,FULTON ST-G,-73.975375,40.687119,NYCT
307,GATES AV-JZ,-73.922156,40.689584,NYCT
308,GRAHAM AV-L,-73.943944,40.714576,NYCT
309,GRAND ARMY PLAZ-23,-73.97095633,40.6752947,NYCT
310,GRAND ST-BD,-73.993753,40.718267,NYCT
311,GRAND ST-L,-73.940497,40.711576,NYCT
312,GRAND-NEWTOWN-MR,-73.87722086,40.73681342,NYCT
313,GRANT AV-A,-73.86505,40.677044,NYCT
314,GRD CNTRL-42 ST-4567S,-73.9767133,40.75180743,NYCT
315,GREENPOINT AV-G,-73.954425,40.731267,NYCT
316,GROVE STREET-1,-74.0448327,40.7196062,PATH
317,GUN HILL RD-25,-73.86613411,40.87783939,NYCT
318,GUN HILL RD-5,-73.846384,40.869526,NYCT
319,HALSEY ST-J,-73.91663888,40.68641527,NYCT
320,HALSEY ST-L,-73.903934,40.695518,NYCT
321,HARLEM 148 ST-3,-73.93647,40.82388,NYCT
322,HARRISON-1,-74.1589544,40.7386266,PATH
323,HEWES ST-JM,-73.953488,40.70689,NYCT
324,HIGH ST-AC,-73.990531,40.699337,NYCT
325,HOUSTON ST-1,-74.005367,40.728251,NYCT
326,HOWARD BCH JFK-A,-73.830301,40.660476,NYCT
327,HOYT ST-23,-73.9850638,40.69054419,NYCT
328,HOYT-SCHER-ACG,-73.98503624,40.68840848,NYCT
329,HUNTERS PT AV-7,-73.948916,40.742216,NYCT
330,HUNTS POINT AV-6,-73.890549,40.820948,NYCT
331,INTERVALE AV-25,-73.89661738,40.82214213,NYCT
332,INWOOD-207 ST-A,-73.919899,40.868072,NYCT
333,JACKSON AV-25,-73.90770194,40.81643747,NYCT
334,JAMAICA 179 ST-F,-73.783817,40.71264567,NYCT
335,JAMAICA CENTER-EJZ,-73.80109632,40.70206738,NYCT
336,JAMAICA VAN WK-E,-73.81701287,40.70289855,NYCT
337,JAY ST-METROTEC-ACF,-73.98721815,40.69247064,NYCT
338,JAY ST-METROTEC-R,-73.98605668,40.6922554,NYCT
339,JEFFERSON ST-L,-73.922913,40.70660667,NYCT
340,JFK JAMAICA CT1-E,-73.8110404,40.698758,AIRTRAIN
341,JKSN HT-ROOSVLT-EFMR7,-73.89129867,40.74653969,NYCT
342,JOURNAL SQUARE-1,-74.0641701,40.7321227,PATH
343,JUNCTION BLVD-7,-73.869527,40.749145,NYCT
344,JUNIUS ST-3,-73.90244864,40.663589,NYCT
345,KEW GARDENS-EF,-73.83037027,40.71403482,NYCT
346,KINGS HWY-BQ,-73.95760874,40.60863865,NYCT
347,KINGS HWY-F,-73.97235531,40.60325841,NYCT
348,KINGS HWY-N,-73.980373,40.604059,NYCT
349,KINGSBRIDGE RD-4,-73.897174,40.86776,NYCT
350,KINGSBRIDGE RD-BD,-73.893509,40.866978,NYCT
351,KINGSTON AV-3,-73.94215978,40.66948145,NYCT
352,KINGSTON-THROOP-C,-73.940859,40.679919,NYCT
353,KNICKERBOCKER-M,-73.91972,40.69866,NYCT
354,KOSCIUSZKO ST-J,-73.928509,40.693172,NYCT
355,LACKAWANNA-1,-74.0303804,40.7352022,PATH
356,LAFAYETTE AV-C,-73.973946,40.686113,NYCT
357,LEXINGTON AV/53-EM6,-73.96907237,40.75746831,NYCT
358,LEXINGTON AV/63-F,-73.96608964,40.76461809,NYCT
359,LIBERTY AV-C,-73.896548,40.674542,NYCT
360,LIVONIA AV-L,-73.90056237,40.66405727,NYCT
361,LONGWOOD AV-6,-73.896435,40.816104,NYCT
362,LORIMER ST-JM,-73.947355,40.703844,NYCT
363,LORIMER ST-LG,-73.950248,40.714072,NYCT
364,MARBLE HILL-225-1,-73.909831,40.874561,NYCT
365,MARCY AV-JMZ,-73.957832,40.708383,NYCT
366,METROPOLITAN AV-GL,-73.951424,40.712774,NYCT
367,METROPOLITAN AV-M,-73.88957723,40.71143131,NYCT
368,METS-WILLETS PT-7,-73.845625,40.754622,NYCT
369,MIDDLETOWN RD-6,-73.836322,40.843863,NYCT
370,MONTROSE AV-L,-73.93979285,40.70739106,NYCT
371,MORGAN AV-L,-73.933147,40.70615167,NYCT
372,MORISN AV/SNDVW-6,-73.874516,40.829521,NYCT
373,MORRIS PARK-5,-73.860495,40.854364,NYCT
374,MOSHOLU PKWY-4,-73.884655,40.87975,NYCT
375,MT EDEN AV-4,-73.914685,40.844434,NYCT
376,MYRTLE AV-JMZ,-73.935623,40.697195,NYCT
377,MYRTLE-WILLOUGH-G,-73.949067,40.694619,NYCT
378,MYRTLE-WYCKOFF-LM,-73.91097572,40.69947106,NYCT
379,NASSAU AV-G,-73.951183,40.72448,NYCT
380,NECK RD-BQ,-73.95507827,40.59532169,NYCT
381,NEPTUNE AV-F,-73.97459273,40.58073876,NYCT
382,NEREID AV-25,-73.85431531,40.89828652,NYCT
383,NEVINS ST-2345,-73.9804068,40.68831058,NYCT
384,NEW LOTS AV-3,-73.88411071,40.66631493,NYCT
385,NEW LOTS-L,-73.89927796,40.65891477,NYCT
386,NEW UTRECHT AV-ND,-73.996353,40.62484167,NYCT
387,NEWARK BM BW-1,-74.1661807,40.7345989,PATH
388,NEWARK C-1,-74.1661807,40.7345989,PATH
389,NEWARK HM HE-1,-74.1661807,40.7345989,PATH
390,NEWARK HW BMEBE-1,-74.1661807,40.7345989,PATH
391,NEWKIRK AV-25,-73.94829991,40.63999124,NYCT
392,NEWKIRK PLAZA-BQ,-73.96269487,40.63514194,NYCT
393,NORTHERN BLVD-MR,-73.90606508,40.75282483,NYCT
394,NORWOOD 205 ST-D,-73.878855,40.874811,NYCT
395,NORWOOD AV-JZ,-73.879626,40.68152,NYCT
396,NOSTRAND AV-3,-73.95042625,40.66993815,NYCT
397,NOSTRAND AV-AC,-73.950426,40.680438,NYCT
398,OCEAN PKWY-Q,-73.968501,40.57631167,NYCT
399,OZONE PK LEFFRT-A,-73.825798,40.685951,NYCT
400,PARK PLACE-23ACE,-74.008811,40.713051,NYCT
401,PARK PLACE-S,-73.957624,40.67477167,NYCT
402,PARKCHESTER-6,-73.860816,40.833226,NYCT
403,PARKSIDE AV-BQ,-73.96145344,40.65507304,NYCT
404,PARSONS BLVD-F,-73.803289,40.707572,NYCT
405,PATH NEW WTC-1,-74.0123536,40.7108972,PATH
406,PATH WTC 2-1,-74.0123536,40.7108972,PATH
407,PAVONIA/NEWPORT-1,-74.0359519,40.7269845,PATH
408,PELHAM BAY PARK-6,-73.828121,40.852462,NYCT
409,PELHAM PKWY-25,-73.86748068,40.85719241,NYCT
410,PELHAM PKWY-5,-73.855359,40.858985,NYCT
411,PENNSYLVANIA AV-3,-73.89488591,40.66471445,NYCT
412,PRESIDENT ST-25,-73.9505892,40.6678836,NYCT
413,PRINCE ST-NRW,-73.997702,40.72432867,NYCT
414,PROSPECT AV-25,-73.90177779,40.81948726,NYCT
415,PROSPECT AV-R,-73.992872,40.66541367,NYCT
416,PROSPECT PARK-BQS,-73.9620313,40.66163346,NYCT
417,QUEENS PLAZA-EMR,-73.93713824,40.74891772,NYCT
418,QUEENSBORO PLZ-7NQW,-73.94016354,40.75063565,NYCT
419,RALPH AV-C,-73.920786,40.678822,NYCT
420,RECTOR ST-1,-74.013783,40.707513,NYCT
421,RECTOR ST-NRW,-74.01297456,40.70774476,NYCT
422,RIT-MANHATTAN-R,-73.9658528,40.7608908,TRAM
423,RIT-ROOSEVELT-R,-73.9547327,40.7581259,TRAM
424,ROCKAWAY AV-3,-74.013783,40.707513,NYCT
425,ROCKAWAY AV-C,-73.911946,40.67834,NYCT
426,ROCKAWAY BLVD-A,-73.843853,40.680429,NYCT
427,ROCKAWAY PARK B-AS,-73.83559009,40.58095587,NYCT
428,ROOSEVELT ISLND-F,-73.953235,40.759172,NYCT
429,SARATOGA AV-3,-73.91633025,40.66152979,NYCT
430,SENECA AVE-M,-73.907582,40.702919,NYCT
431,SHEEPSHEAD BAY-BQ,-73.95405791,40.58654755,NYCT
432,SHEPHERD AV-C,-73.88075,40.67413,NYCT
433,SIMPSON ST-25,-73.8930664,40.82397684,NYCT
434,SMITH-9 ST-FG,-73.99589173,40.67364106,NYCT
435,SOUTH FERRY-1RW,-74.01316896,40.70173051,NYCT
436,SPRING ST-6,-73.997141,40.722301,NYCT
437,SPRING ST-CE,-74.003739,40.726227,NYCT
438,ST LAWRENCE AV-6,-73.867618,40.831509,NYCT
439,ST. GEORGE-1,-74.0755214,40.6440019,SIR
440,STEINWAY ST-MR,-73.92052647,40.75698736,NYCT
441,STERLING ST-25,-73.95072891,40.66277299,NYCT
442,SUTPHIN BLVD-F,-73.810833,40.705418,NYCT
443,SUTPHIN-ARCHER-EJZ,-73.80800472,40.70038242,NYCT
444,SUTTER AV-L,-73.901916,40.669145,NYCT
445,SUTTER AV-RUTLD-3,-73.92252119,40.66476679,NYCT
446,THIRTY ST-1,-73.9903995,40.7470123,PATH
447,THIRTY THIRD ST-1,-73.9907115,40.748565,PATH
448,TIMES SQ-42 ST-1237ACENQRS,-73.987495,40.75529,NYCT
449,TIMES SQ-42 ST-1237ACENQRSW,-73.987691,40.755477,NYCT
450,TIMES SQ-42 ST-ACENQRS1237W,-73.986768,40.754612,NYCT
451,TOMPKINSVILLE-1,-74.0755536,40.6400291,SIR
452,TREMONT AV-BD,-73.905227,40.85041,NYCT
453,TWENTY THIRD ST-1,-73.9935855,40.7423509,PATH
454,UNION ST-R,73.98311,40.67731567,NYCT
455,UTICA AV-AC,-73.930729,40.679364,NYCT
456,V.CORTLANDT PK-1,-73.898583,40.889248,NYCT
457,VAN SICLEN AV-3,-73.88940492,40.66551796,NYCT
458,VAN SICLEN AV-JZ,-73.89165773,40.67802821,NYCT
459,VAN SICLEN AVE-C,-73.890358,40.67271,NYCT
460,VERNON-JACKSON-7,-73.953581,40.742626,NYCT
461,W 4 ST-WASH SQ-ABCDEFM,-74.00030815,40.73225449,NYCT
462,W 8 ST-AQUARIUM-FQ,-73.97595787,40.57603382,NYCT
463,WAKEFIELD/241-2,-73.85062,40.903125,NYCT
464,WALL ST-23,-74.0091,40.706821,NYCT
465,WALL ST-45,-74.011862,40.707557,NYCT
466,WEST FARMS SQ-25,-73.87996128,40.84020763,NYCT
467,WESTCHESTER SQ-6,-73.842952,40.839892,NYCT
468,WHITEHALL S-FRY-R1W,-74.01300724,40.70314237,NYCT
469,WHITLOCK AV-6,-73.886283,40.826525,NYCT
470,WILSON AV-L,-73.9039586,40.68886654,NYCT
471,WINTHROP ST-25,-73.95007935,40.65665931,NYCT
472,WOODHAVEN BLVD-MR,-73.86943209,40.73309737,NYCT
473,WOODHAVEN BLVD-JZ,-73.852052,40.693704,NYCT
474,WOODLAWN-4,-73.878751,40.886037,NYCT
475,WORLD TRADE CTR-ACE23,-74.00974462,40.71256393,NYCT
476,WTC-CORTLANDT-1,-74.012188,40.711835,NYCT
477,YORK ST-F,-73.986885,40.69974267,NYCT
478,ZEREGA AV-6,-73.847036,40.836488,NYCT
479,ORCHARD BEACH-6,-73.8195465,40.860563,NYCT